{"*test/top5": 0.9647, "_runtime": 255.32276463508606, "_step": 24, "lr": 0.09778965073991651, "*test/loss": 1.1178118871688842, "hardness_run/top1": 0.653, "train/train/train/train/top1": 0.6245, "*test/top1": 0.6507, "_timestamp": 1597695551.4014273, "hardness_run/loss": 1.0271382865905763, "top5": 0.966, "train/train/train/train/train/loss": 1.657586612701416, "hardness_run/top5": 0.97325}
