{"_runtime": 993.6996488571167, "loss": 1.6534371128082275, "top5": 0.96075, "_step": 25, "lr": 0.09755282581475769, "top1": 0.62025, "_timestamp": 1597695281.1167247}
